Customer ID,Email,Age Range,Gender,Primary Business Line,Business Lines Engaged,Total Transactions,Lifetime Value,First Interaction,Last Interaction,Engagement Score,Data Completeness %,Customer Data Type
CUST00156,cust00156@email.com,25-34,Other,Studio Tours,5,17,1845.3,2024-01-16,2024-12-14,100,77,Mixed (1st & 3rd Party)
CUST00177,cust00177@email.com,25-34,F,Streaming,5,15,1805.88,2024-02-14,2024-12-27,100,96,Mixed (1st & 3rd Party)
CUST00223,cust00223@email.com,35-44,M,Online Store,5,19,1802.78,2024-01-05,2024-12-27,100,80,Mixed (1st & 3rd Party)
CUST00111,cust00111@email.com,45-54,Prefer not to say,Studio Tours,4,11,1757.35,2024-02-28,2024-12-29,100,90,Mixed (1st & 3rd Party)
CUST00087,cust00087@email.com,18-24,F,Consumer Products,4,16,1728.09,2024-01-29,2024-12-12,100,96,Mixed (1st & 3rd Party)
CUST00194,cust00194@email.com,25-34,F,Studio Tours,4,12,1688.85,2024-01-07,2024-11-21,100,75,Mixed (1st & 3rd Party)
CUST00017,cust00017@email.com,18-24,Other,Streaming,5,15,1672.55,2024-01-10,2024-12-31,100,98,Mixed (1st & 3rd Party)
CUST00151,cust00151@email.com,45-54,M,Consumer Products,5,16,1640.29,2024-01-12,2024-12-16,100,78,Mixed (1st & 3rd Party)
CUST00137,cust00137@email.com,25-34,F,Streaming,5,16,1627.47,2024-01-15,2024-12-22,100,92,Mixed (1st & 3rd Party)
CUST00091,cust00091@email.com,45-54,Prefer not to say,Studio Tours,5,9,1613,2024-02-15,2024-11-04,94,86,Mixed (1st & 3rd Party)
CUST00179,cust00179@email.com,18-24,F,Theatrical,5,15,1607.87,2024-01-25,2024-12-11,100,83,Mixed (1st & 3rd Party)
CUST00162,cust00162@email.com,35-44,Prefer not to say,Studio Tours,5,11,1590.88,2024-01-22,2024-12-31,100,75,Mixed (1st & 3rd Party)
CUST00201,cust00201@email.com,55+,Prefer not to say,Consumer Products,5,13,1542.26,2024-01-14,2024-12-28,100,82,Mixed (1st & 3rd Party)
CUST00101,cust00101@email.com,18-24,Other,Studio Tours,4,9,1469.95,2024-03-21,2024-11-11,96,88,Mixed (1st & 3rd Party)
CUST00146,cust00146@email.com,25-34,F,Consumer Products,5,19,1468.54,2024-02-04,2024-11-20,100,82,Mixed (1st & 3rd Party)
CUST00148,cust00148@email.com,25-34,M,Online Store,5,18,1461.8,2024-01-03,2024-11-28,100,97,Mixed (1st & 3rd Party)
CUST00067,cust00067@email.com,18-24,F,Streaming,4,9,1410.71,2024-02-04,2024-11-30,100,79,Mixed (1st & 3rd Party)
CUST00134,cust00134@email.com,55+,Prefer not to say,Online Store,5,15,1410.29,2024-02-22,2024-12-13,100,96,Mixed (1st & 3rd Party)
CUST00199,cust00199@email.com,18-24,F,Studio Tours,5,11,1406.28,2024-04-09,2024-11-06,100,87,Mixed (1st & 3rd Party)
CUST00023,cust00023@email.com,35-44,F,Studio Tours,4,13,1401.73,2024-01-11,2024-11-02,100,80,Mixed (1st & 3rd Party)
CUST00089,cust00089@email.com,25-34,M,Studio Tours,4,9,1394.74,2024-01-13,2024-12-22,100,97,Mixed (1st & 3rd Party)
CUST00197,cust00197@email.com,18-24,F,Consumer Products,5,18,1377.16,2024-03-01,2024-12-16,100,94,Mixed (1st & 3rd Party)
CUST00249,cust00249@email.com,18-24,F,Studio Tours,3,9,1350.27,2024-01-09,2024-10-28,92,98,Mixed (1st & 3rd Party)
CUST00244,cust00244@email.com,18-24,Prefer not to say,Online Store,5,15,1345.52,2024-01-24,2024-12-24,100,79,Mixed (1st & 3rd Party)
CUST00238,cust00238@email.com,45-54,Other,Consumer Products,5,13,1334.17,2024-01-29,2024-12-02,100,98,Mixed (1st & 3rd Party)
CUST00198,cust00198@email.com,55+,M,Consumer Products,5,13,1324.27,2024-01-21,2024-12-23,100,99,Mixed (1st & 3rd Party)
CUST00035,cust00035@email.com,45-54,Prefer not to say,Streaming,5,12,1322.63,2024-01-01,2024-12-23,100,80,Mixed (1st & 3rd Party)
CUST00170,cust00170@email.com,55+,Prefer not to say,Online Store,5,12,1315.57,2024-01-26,2024-11-29,100,98,Mixed (1st & 3rd Party)
CUST00084,cust00084@email.com,25-34,Other,Studio Tours,5,10,1313.67,2024-02-12,2024-10-20,100,88,Mixed (1st & 3rd Party)
CUST00171,cust00171@email.com,35-44,F,Consumer Products,5,13,1312.95,2024-01-05,2024-12-15,100,81,Mixed (1st & 3rd Party)
CUST00184,cust00184@email.com,25-34,F,Streaming,5,12,1294.5,2024-02-16,2024-08-22,100,89,Mixed (1st & 3rd Party)
CUST00002,cust00002@email.com,18-24,F,Streaming,4,8,1283.69,2024-01-04,2024-11-15,84,78,Mixed (1st & 3rd Party)
CUST00159,cust00159@email.com,25-34,F,Consumer Products,5,13,1279.35,2024-03-23,2024-12-15,100,91,Mixed (1st & 3rd Party)
CUST00120,cust00120@email.com,35-44,Prefer not to say,Online Store,4,10,1275.37,2024-04-26,2024-12-14,100,99,Mixed (1st & 3rd Party)
CUST00173,cust00173@email.com,18-24,F,Streaming,5,12,1273.64,2024-01-05,2024-12-17,100,99,Mixed (1st & 3rd Party)
CUST00065,cust00065@email.com,25-34,Other,Studio Tours,4,8,1250.33,2024-01-02,2024-12-22,94,89,Mixed (1st & 3rd Party)
CUST00153,cust00153@email.com,18-24,M,Studio Tours,5,11,1232.92,2024-01-25,2024-12-01,100,77,Mixed (1st & 3rd Party)
CUST00113,cust00113@email.com,45-54,Other,Consumer Products,5,13,1224.51,2024-01-06,2024-10-06,100,91,Mixed (1st & 3rd Party)
CUST00105,cust00105@email.com,25-34,Other,Studio Tours,3,8,1223.75,2024-01-20,2024-11-23,86,78,Mixed (1st & 3rd Party)
CUST00051,cust00051@email.com,18-24,Prefer not to say,Studio Tours,3,9,1196.2,2024-01-17,2024-09-20,82,100,Mixed (1st & 3rd Party)
CUST00083,cust00083@email.com,25-34,M,Consumer Products,5,15,1192.43,2024-01-10,2024-12-30,100,85,Mixed (1st & 3rd Party)
CUST00246,cust00246@email.com,35-44,Other,Consumer Products,5,16,1179.73,2024-01-06,2024-12-08,100,78,Mixed (1st & 3rd Party)
CUST00056,cust00056@email.com,45-54,Other,Studio Tours,4,10,1173.81,2024-03-12,2024-09-25,96,87,Mixed (1st & 3rd Party)
CUST00189,cust00189@email.com,18-24,M,Theatrical,4,15,1170.96,2024-01-21,2024-12-24,100,98,Mixed (1st & 3rd Party)
CUST00222,cust00222@email.com,35-44,M,Studio Tours,4,11,1169.15,2024-02-21,2024-11-28,100,77,Mixed (1st & 3rd Party)
CUST00122,cust00122@email.com,55+,F,Online Store,5,11,1164.4,2024-01-13,2024-12-15,100,99,Mixed (1st & 3rd Party)
CUST00209,cust00209@email.com,18-24,F,Consumer Products,5,13,1162.61,2024-01-09,2024-12-23,100,92,Mixed (1st & 3rd Party)
CUST00163,cust00163@email.com,18-24,F,Theatrical,5,11,1156.12,2024-01-02,2024-11-05,100,77,Mixed (1st & 3rd Party)
CUST00099,cust00099@email.com,25-34,F,Studio Tours,4,9,1156.05,2024-01-26,2024-12-03,100,78,Mixed (1st & 3rd Party)
CUST00025,cust00025@email.com,55+,Other,Streaming,5,12,1154.98,2024-01-26,2024-12-03,100,91,Mixed (1st & 3rd Party)
CUST00154,cust00154@email.com,18-24,F,Studio Tours,5,11,1150.17,2024-01-04,2024-12-13,100,86,Mixed (1st & 3rd Party)
CUST00241,cust00241@email.com,18-24,Other,Consumer Products,5,10,1140.44,2024-01-22,2024-11-30,100,81,Mixed (1st & 3rd Party)
CUST00180,cust00180@email.com,25-34,F,Streaming,4,12,1140.09,2024-01-06,2024-12-15,100,91,Mixed (1st & 3rd Party)
CUST00196,cust00196@email.com,18-24,M,Online Store,5,11,1127.31,2024-01-12,2024-10-10,100,97,Mixed (1st & 3rd Party)
CUST00192,cust00192@email.com,18-24,F,Online Store,5,13,1125.56,2024-02-29,2024-12-18,100,87,Mixed (1st & 3rd Party)
CUST00058,cust00058@email.com,45-54,M,Online Store,4,11,1119.55,2024-03-11,2024-12-21,100,83,Mixed (1st & 3rd Party)
CUST00235,cust00235@email.com,45-54,F,Streaming,4,9,1114.75,2024-05-04,2024-11-26,99,95,Mixed (1st & 3rd Party)
CUST00110,cust00110@email.com,18-24,Prefer not to say,Studio Tours,4,11,1109.49,2024-01-08,2024-12-01,100,78,Mixed (1st & 3rd Party)
CUST00086,cust00086@email.com,35-44,F,Studio Tours,5,12,1109.48,2024-01-05,2024-08-21,100,80,Mixed (1st & 3rd Party)
CUST00144,cust00144@email.com,55+,F,Consumer Products,5,14,1108.41,2024-02-07,2024-12-29,100,78,Mixed (1st & 3rd Party)
CUST00175,cust00175@email.com,18-24,M,Studio Tours,4,8,1081.79,2024-01-08,2024-12-08,90,81,Mixed (1st & 3rd Party)
CUST00011,cust00011@email.com,25-34,F,Online Store,4,8,1080.14,2024-03-25,2024-12-19,93,87,Mixed (1st & 3rd Party)
CUST00227,cust00227@email.com,25-34,M,Studio Tours,5,10,1075.38,2024-01-30,2024-11-19,100,79,Mixed (1st & 3rd Party)
CUST00191,cust00191@email.com,18-24,F,Studio Tours,4,9,1067.96,2024-01-24,2024-12-09,100,79,Mixed (1st & 3rd Party)
CUST00114,cust00114@email.com,45-54,Other,Streaming,5,11,1067.7,2024-01-27,2024-11-26,100,86,Mixed (1st & 3rd Party)
CUST00108,cust00108@email.com,18-24,Prefer not to say,Online Store,5,11,1064.98,2024-04-11,2024-12-24,100,79,Mixed (1st & 3rd Party)
CUST00183,cust00183@email.com,25-34,F,Studio Tours,5,10,1063.86,2024-06-19,2024-11-02,100,82,Mixed (1st & 3rd Party)
CUST00147,cust00147@email.com,18-24,F,Studio Tours,5,16,1050.23,2024-01-03,2024-12-10,100,75,Mixed (1st & 3rd Party)
CUST00182,cust00182@email.com,25-34,Other,Online Store,5,10,1045.88,2024-01-17,2024-11-23,100,80,Mixed (1st & 3rd Party)
CUST00068,cust00068@email.com,25-34,Prefer not to say,Theatrical,5,11,1045.06,2024-02-13,2024-12-30,100,83,Mixed (1st & 3rd Party)
CUST00190,cust00190@email.com,25-34,Other,Streaming,5,10,1039.88,2024-01-05,2024-12-08,100,95,Mixed (1st & 3rd Party)
CUST00102,cust00102@email.com,25-34,Other,Studio Tours,4,10,1038.25,2024-02-20,2024-12-31,100,99,Mixed (1st & 3rd Party)
CUST00233,cust00233@email.com,25-34,F,Consumer Products,5,13,1025.97,2024-01-07,2024-12-24,100,93,Mixed (1st & 3rd Party)
CUST00079,cust00079@email.com,25-34,F,Online Store,4,10,1021.42,2024-01-05,2024-12-18,100,97,Mixed (1st & 3rd Party)
CUST00211,cust00211@email.com,35-44,F,Studio Tours,5,12,983.98,2024-01-17,2024-11-26,100,91,Mixed (1st & 3rd Party)
CUST00081,cust00081@email.com,25-34,F,Consumer Products,5,11,983.58,2024-01-30,2024-12-06,100,76,Mixed (1st & 3rd Party)
CUST00174,cust00174@email.com,55+,F,Streaming,5,11,976.5,2024-01-14,2024-12-14,100,90,Mixed (1st & 3rd Party)
CUST00157,cust00157@email.com,55+,Prefer not to say,Consumer Products,5,12,976.27,2024-01-28,2024-12-04,100,97,Mixed (1st & 3rd Party)
CUST00024,cust00024@email.com,25-34,F,Online Store,5,12,962.81,2024-01-07,2024-12-30,100,90,Mixed (1st & 3rd Party)
CUST00172,cust00172@email.com,18-24,M,Theatrical,5,10,958.8,2024-01-04,2024-12-02,100,89,Mixed (1st & 3rd Party)
CUST00062,cust00062@email.com,35-44,F,Studio Tours,3,7,958.66,2024-02-16,2024-12-02,77,89,1st Party Only
CUST00046,cust00046@email.com,25-34,M,Studio Tours,3,7,953.21,2024-07-10,2024-10-16,65,80,1st Party Only
CUST00008,cust00008@email.com,18-24,F,Online Store,5,9,953.04,2024-04-02,2024-12-11,100,99,Mixed (1st & 3rd Party)
CUST00007,cust00007@email.com,55+,F,Studio Tours,4,8,939.17,2024-02-16,2024-11-18,85,97,Mixed (1st & 3rd Party)
CUST00206,cust00206@email.com,25-34,Other,Consumer Products,5,10,936.57,2024-01-07,2024-12-22,100,86,Mixed (1st & 3rd Party)
CUST00048,cust00048@email.com,18-24,F,Online Store,4,7,936.42,2024-02-05,2024-11-28,76,89,Mixed (1st & 3rd Party)
CUST00121,cust00121@email.com,35-44,M,Studio Tours,4,7,933.66,2024-01-13,2024-07-12,41,76,Mixed (1st & 3rd Party)
CUST00107,cust00107@email.com,18-24,F,Consumer Products,5,13,928.58,2024-01-13,2024-12-26,100,92,Mixed (1st & 3rd Party)
CUST00022,cust00022@email.com,25-34,F,Streaming,3,6,927.99,2024-01-06,2024-06-14,22,98,1st Party Only
CUST00059,cust00059@email.com,18-24,Prefer not to say,Streaming,4,10,927.04,2024-02-16,2024-12-25,100,94,Mixed (1st & 3rd Party)
CUST00188,cust00188@email.com,35-44,F,Streaming,5,11,893.14,2024-01-15,2024-07-29,93,99,Mixed (1st & 3rd Party)
CUST00158,cust00158@email.com,18-24,M,Streaming,3,9,891.99,2024-03-27,2024-12-17,100,86,1st Party Only
CUST00166,cust00166@email.com,18-24,F,Consumer Products,4,11,891.16,2024-01-09,2024-11-16,100,86,Mixed (1st & 3rd Party)
CUST00187,cust00187@email.com,45-54,Prefer not to say,Online Store,4,11,879.39,2024-01-05,2024-12-12,100,100,Mixed (1st & 3rd Party)
CUST00038,cust00038@email.com,35-44,M,Online Store,4,10,876.45,2024-01-28,2024-11-03,100,94,Mixed (1st & 3rd Party)
CUST00127,cust00127@email.com,25-34,M,Streaming,3,10,875.22,2024-01-20,2024-12-27,100,80,Mixed (1st & 3rd Party)
CUST00200,cust00200@email.com,55+,F,Consumer Products,5,14,875.11,2024-02-07,2024-12-21,100,97,Mixed (1st & 3rd Party)
CUST00018,cust00018@email.com,25-34,M,Streaming,3,9,874.29,2024-01-24,2024-12-06,100,76,1st Party Only
CUST00098,cust00098@email.com,35-44,M,Consumer Products,4,8,873.65,2024-01-09,2024-12-22,94,77,Mixed (1st & 3rd Party)
CUST00076,cust00076@email.com,45-54,F,Consumer Products,5,13,866.26,2024-01-13,2024-12-24,100,76,Mixed (1st & 3rd Party)
CUST00078,cust00078@email.com,45-54,Prefer not to say,Online Store,5,10,857.97,2024-03-11,2024-12-29,100,98,Mixed (1st & 3rd Party)
CUST00082,cust00082@email.com,45-54,F,Studio Tours,5,11,843.38,2024-02-02,2024-11-25,100,97,Mixed (1st & 3rd Party)
CUST00004,cust00004@email.com,45-54,Other,Streaming,3,9,840.39,2024-02-27,2024-12-16,100,98,1st Party Only
CUST00215,cust00215@email.com,18-24,F,Consumer Products,3,6,839.61,2024-02-03,2024-11-25,63,79,Mixed (1st & 3rd Party)
CUST00229,cust00229@email.com,25-34,Other,Theatrical,5,13,838.6,2024-05-20,2024-12-19,100,81,Mixed (1st & 3rd Party)
CUST00242,cust00242@email.com,18-24,F,Studio Tours,5,8,837.99,2024-02-14,2024-12-08,90,75,Mixed (1st & 3rd Party)
CUST00145,cust00145@email.com,35-44,F,Streaming,5,9,837.67,2024-01-30,2024-12-17,100,98,Mixed (1st & 3rd Party)
CUST00205,cust00205@email.com,45-54,M,Online Store,5,13,837.56,2024-01-05,2024-12-15,100,78,Mixed (1st & 3rd Party)
CUST00220,cust00220@email.com,25-34,Other,Studio Tours,5,10,837,2024-02-11,2024-12-24,100,91,Mixed (1st & 3rd Party)
CUST00052,cust00052@email.com,18-24,F,Streaming,3,7,829.11,2024-01-11,2024-12-21,82,97,Mixed (1st & 3rd Party)
CUST00071,cust00071@email.com,18-24,Prefer not to say,Streaming,3,6,826.33,2024-01-15,2024-11-23,62,100,1st Party Only
CUST00126,cust00126@email.com,25-34,Prefer not to say,Consumer Products,5,14,821.75,2024-01-07,2024-11-18,100,88,Mixed (1st & 3rd Party)
CUST00075,cust00075@email.com,35-44,M,Studio Tours,4,7,819.81,2024-01-24,2024-12-03,77,82,Mixed (1st & 3rd Party)
CUST00237,cust00237@email.com,35-44,Other,Streaming,4,8,819.02,2024-01-25,2024-11-23,86,83,Mixed (1st & 3rd Party)
CUST00072,cust00072@email.com,45-54,Other,Online Store,3,8,811.07,2024-02-10,2024-12-29,96,76,1st Party Only
CUST00124,cust00124@email.com,18-24,F,Consumer Products,5,10,806.91,2024-01-28,2024-12-11,100,93,Mixed (1st & 3rd Party)
CUST00129,cust00129@email.com,25-34,M,Consumer Products,5,8,797.03,2024-01-10,2024-12-16,92,93,Mixed (1st & 3rd Party)
CUST00064,cust00064@email.com,35-44,M,Studio Tours,4,7,795.53,2024-01-28,2024-10-11,64,97,Mixed (1st & 3rd Party)
CUST00132,cust00132@email.com,25-34,F,Online Store,5,9,792.14,2024-01-26,2024-10-27,92,77,Mixed (1st & 3rd Party)
CUST00031,cust00031@email.com,35-44,F,Online Store,5,10,787.07,2024-02-12,2024-12-22,100,85,Mixed (1st & 3rd Party)
CUST00088,cust00088@email.com,55+,Prefer not to say,Consumer Products,5,10,783.27,2024-01-25,2024-09-16,94,90,Mixed (1st & 3rd Party)
CUST00061,cust00061@email.com,18-24,Other,Streaming,5,8,782.47,2024-02-22,2024-12-13,92,75,Mixed (1st & 3rd Party)
CUST00212,cust00212@email.com,18-24,F,Streaming,5,10,777.45,2024-01-04,2024-09-13,93,100,Mixed (1st & 3rd Party)
CUST00115,cust00115@email.com,18-24,F,Streaming,5,11,772.87,2024-01-06,2024-11-02,100,100,Mixed (1st & 3rd Party)
CUST00128,cust00128@email.com,45-54,Other,Consumer Products,4,13,769.03,2024-01-16,2024-12-19,100,94,Mixed (1st & 3rd Party)
CUST00027,cust00027@email.com,18-24,F,Online Store,4,8,767.95,2024-04-20,2024-12-22,94,76,Mixed (1st & 3rd Party)
CUST00130,cust00130@email.com,55+,F,Consumer Products,5,7,767.89,2024-01-13,2024-11-05,70,91,Mixed (1st & 3rd Party)
CUST00149,cust00149@email.com,18-24,Other,Streaming,4,7,767.38,2024-05-02,2024-11-30,76,83,Mixed (1st & 3rd Party)
CUST00224,cust00224@email.com,18-24,Other,Streaming,5,11,765.98,2024-01-20,2024-12-06,100,79,Mixed (1st & 3rd Party)
CUST00141,cust00141@email.com,55+,F,Consumer Products,5,12,754.95,2024-02-13,2024-11-25,100,81,Mixed (1st & 3rd Party)
CUST00217,cust00217@email.com,35-44,Other,Online Store,4,9,746.68,2024-02-11,2024-11-21,98,77,Mixed (1st & 3rd Party)
CUST00100,cust00100@email.com,18-24,Prefer not to say,Theatrical,5,14,740.13,2024-01-06,2024-12-04,100,96,Mixed (1st & 3rd Party)
CUST00236,cust00236@email.com,18-24,Prefer not to say,Streaming,5,11,735.5,2024-01-28,2024-11-04,100,81,Mixed (1st & 3rd Party)
CUST00243,cust00243@email.com,18-24,M,Consumer Products,5,9,731.95,2024-02-26,2024-10-23,91,96,Mixed (1st & 3rd Party)
CUST00054,cust00054@email.com,35-44,M,Online Store,3,5,729.04,2024-02-05,2024-10-22,42,97,1st Party Only
CUST00221,cust00221@email.com,18-24,F,Streaming,5,10,712.01,2024-01-25,2024-12-29,100,83,Mixed (1st & 3rd Party)
CUST00228,cust00228@email.com,35-44,M,Streaming,4,11,711.15,2024-01-18,2024-12-17,100,91,Mixed (1st & 3rd Party)
CUST00167,cust00167@email.com,18-24,Prefer not to say,Online Store,4,5,709.34,2024-04-17,2024-09-29,37,100,Mixed (1st & 3rd Party)
CUST00001,cust00001@email.com,35-44,Other,Online Store,3,7,708.41,2024-03-19,2024-11-19,74,81,1st Party Only
CUST00103,cust00103@email.com,45-54,F,Online Store,4,9,699.86,2024-01-29,2024-12-10,100,79,Mixed (1st & 3rd Party)
CUST00161,cust00161@email.com,45-54,F,Theatrical,4,10,699.17,2024-03-09,2024-10-19,100,78,Mixed (1st & 3rd Party)
CUST00016,cust00016@email.com,35-44,M,Studio Tours,4,7,695.45,2024-01-04,2024-11-02,69,80,Mixed (1st & 3rd Party)
CUST00097,cust00097@email.com,25-34,M,Theatrical,4,11,693.77,2024-02-06,2024-12-02,100,86,Mixed (1st & 3rd Party)
CUST00138,cust00138@email.com,55+,Other,Studio Tours,4,8,688.51,2024-01-05,2024-12-25,94,75,Mixed (1st & 3rd Party)
CUST00116,cust00116@email.com,18-24,Prefer not to say,Online Store,5,6,677.22,2024-03-24,2024-11-16,61,86,Mixed (1st & 3rd Party)
CUST00219,cust00219@email.com,45-54,M,Consumer Products,5,10,669.37,2024-02-12,2024-12-28,100,76,Mixed (1st & 3rd Party)
CUST00207,cust00207@email.com,18-24,F,Online Store,4,11,666.72,2024-01-17,2024-12-23,100,87,Mixed (1st & 3rd Party)
CUST00169,cust00169@email.com,18-24,Prefer not to say,Online Store,3,9,666.21,2024-02-02,2024-11-15,96,83,Mixed (1st & 3rd Party)
CUST00117,cust00117@email.com,18-24,M,Streaming,4,7,662.81,2024-03-09,2024-11-29,76,100,Mixed (1st & 3rd Party)
CUST00245,cust00245@email.com,35-44,Prefer not to say,Online Store,5,10,658.94,2024-01-08,2024-12-31,100,99,Mixed (1st & 3rd Party)
CUST00009,cust00009@email.com,25-34,Prefer not to say,Studio Tours,4,6,651.67,2024-05-13,2024-11-04,58,88,Mixed (1st & 3rd Party)
CUST00041,cust00041@email.com,55+,F,Streaming,4,6,651.17,2024-02-26,2024-12-14,68,88,Mixed (1st & 3rd Party)
CUST00123,cust00123@email.com,55+,F,Studio Tours,4,5,649.34,2024-02-24,2024-12-07,54,77,Mixed (1st & 3rd Party)
CUST00044,cust00044@email.com,45-54,Prefer not to say,Streaming,5,7,640.52,2024-02-06,2024-12-11,79,79,Mixed (1st & 3rd Party)
CUST00226,cust00226@email.com,18-24,F,Consumer Products,5,10,634.62,2024-02-27,2024-11-24,100,77,Mixed (1st & 3rd Party)
CUST00248,cust00248@email.com,25-34,M,Streaming,4,6,626.76,2024-03-15,2024-10-05,50,79,Mixed (1st & 3rd Party)
CUST00202,cust00202@email.com,45-54,M,Online Store,3,13,623.38,2024-02-05,2024-09-15,100,79,Mixed (1st & 3rd Party)
CUST00216,cust00216@email.com,18-24,M,Streaming,3,7,618.83,2024-03-15,2024-12-14,80,93,Mixed (1st & 3rd Party)
CUST00218,cust00218@email.com,25-34,F,Consumer Products,3,5,616.69,2024-01-09,2024-12-27,59,92,Mixed (1st & 3rd Party)
CUST00213,cust00213@email.com,45-54,Prefer not to say,Consumer Products,4,11,611.69,2024-01-06,2024-12-20,100,86,Mixed (1st & 3rd Party)
CUST00006,cust00006@email.com,18-24,Prefer not to say,Online Store,4,6,609.65,2024-01-08,2024-11-28,64,88,Mixed (1st & 3rd Party)
CUST00070,cust00070@email.com,45-54,M,Online Store,3,6,607.21,2024-01-24,2024-08-14,37,96,Mixed (1st & 3rd Party)
CUST00033,cust00033@email.com,18-24,F,Online Store,4,9,602.86,2024-01-08,2024-12-03,100,78,Mixed (1st & 3rd Party)
CUST00232,cust00232@email.com,18-24,Other,Online Store,4,7,601.89,2024-01-31,2024-12-11,79,95,Mixed (1st & 3rd Party)
CUST00047,cust00047@email.com,35-44,Other,Online Store,4,5,601.25,2024-01-14,2024-12-24,58,85,Mixed (1st & 3rd Party)
CUST00250,cust00250@email.com,55+,F,Consumer Products,4,8,593.04,2024-02-19,2024-12-16,92,92,Mixed (1st & 3rd Party)
CUST00195,cust00195@email.com,35-44,M,Streaming,5,10,591.52,2024-01-19,2024-12-24,100,84,Mixed (1st & 3rd Party)
CUST00073,cust00073@email.com,35-44,F,Streaming,4,7,588.74,2024-01-21,2024-10-01,61,90,Mixed (1st & 3rd Party)
CUST00074,cust00074@email.com,45-54,M,Online Store,4,5,588.49,2024-02-24,2024-10-02,38,94,Mixed (1st & 3rd Party)
CUST00208,cust00208@email.com,18-24,F,Consumer Products,4,6,587.63,2024-01-16,2024-12-30,72,81,Mixed (1st & 3rd Party)
CUST00014,cust00014@email.com,35-44,M,Streaming,5,8,585.9,2024-02-20,2024-12-22,94,79,Mixed (1st & 3rd Party)
CUST00152,cust00152@email.com,45-54,Prefer not to say,Studio Tours,4,9,585.74,2024-01-26,2024-12-22,100,79,Mixed (1st & 3rd Party)
CUST00063,cust00063@email.com,45-54,F,Streaming,4,10,585.54,2024-01-05,2024-12-18,100,97,Mixed (1st & 3rd Party)
CUST00239,cust00239@email.com,25-34,M,Consumer Products,4,9,576.01,2024-01-14,2024-11-16,97,99,Mixed (1st & 3rd Party)
CUST00142,cust00142@email.com,18-24,M,Online Store,4,11,574.8,2024-01-17,2024-10-12,100,93,Mixed (1st & 3rd Party)
CUST00012,cust00012@email.com,55+,Prefer not to say,Streaming,4,6,572.81,2024-02-02,2024-11-20,62,97,Mixed (1st & 3rd Party)
CUST00028,cust00028@email.com,25-34,M,Streaming,5,9,569.06,2024-02-27,2024-10-03,86,96,Mixed (1st & 3rd Party)
CUST00013,cust00013@email.com,55+,F,Streaming,4,8,566.66,2024-01-05,2024-11-20,86,94,Mixed (1st & 3rd Party)
CUST00214,cust00214@email.com,25-34,Prefer not to say,Consumer Products,4,11,564.39,2024-03-17,2024-11-06,100,77,Mixed (1st & 3rd Party)
CUST00037,cust00037@email.com,35-44,Other,Studio Tours,3,5,557.25,2024-02-17,2024-05-28,6,89,Mixed (1st & 3rd Party)
CUST00104,cust00104@email.com,25-34,Prefer not to say,Studio Tours,3,8,555.54,2024-01-17,2024-10-29,80,90,Mixed (1st & 3rd Party)
CUST00131,cust00131@email.com,55+,F,Online Store,4,9,554.54,2024-02-18,2024-12-27,100,93,Mixed (1st & 3rd Party)
CUST00193,cust00193@email.com,18-24,Other,Theatrical,4,9,550.61,2024-01-07,2024-12-28,100,93,Mixed (1st & 3rd Party)
CUST00042,cust00042@email.com,18-24,Other,Online Store,4,6,549.23,2024-03-02,2024-09-24,48,80,Mixed (1st & 3rd Party)
CUST00204,cust00204@email.com,45-54,Other,Consumer Products,5,7,543.05,2024-01-20,2024-12-18,81,96,Mixed (1st & 3rd Party)
CUST00240,cust00240@email.com,35-44,F,Online Store,4,7,539.1,2024-01-09,2024-12-29,84,92,Mixed (1st & 3rd Party)
CUST00090,cust00090@email.com,35-44,M,Studio Tours,4,5,538.53,2024-02-23,2024-12-28,59,95,Mixed (1st & 3rd Party)
CUST00049,cust00049@email.com,25-34,F,Online Store,4,7,536.01,2024-01-10,2024-12-29,84,93,Mixed (1st & 3rd Party)
CUST00168,cust00168@email.com,25-34,F,Theatrical,5,8,535.41,2024-01-26,2024-11-24,87,98,Mixed (1st & 3rd Party)
CUST00057,cust00057@email.com,18-24,F,Online Store,5,8,530.93,2024-01-11,2024-12-26,95,90,Mixed (1st & 3rd Party)
CUST00109,cust00109@email.com,18-24,F,Streaming,5,9,513.47,2024-01-17,2024-12-06,100,79,Mixed (1st & 3rd Party)
CUST00176,cust00176@email.com,25-34,Prefer not to say,Online Store,5,11,506.5,2024-03-06,2024-12-25,100,91,Mixed (1st & 3rd Party)
CUST00165,cust00165@email.com,18-24,M,Consumer Products,3,10,503.51,2024-01-16,2024-12-24,100,92,Mixed (1st & 3rd Party)
CUST00140,cust00140@email.com,35-44,Other,Online Store,5,8,500.36,2024-01-03,2024-10-09,75,94,Mixed (1st & 3rd Party)
CUST00155,cust00155@email.com,18-24,Other,Streaming,3,7,497.47,2024-04-18,2024-11-07,70,86,Mixed (1st & 3rd Party)
CUST00032,cust00032@email.com,18-24,F,Online Store,2,4,497.42,2024-01-22,2024-07-09,4,76,1st Party Only
CUST00143,cust00143@email.com,18-24,Prefer not to say,Theatrical,4,11,489.4,2024-01-07,2024-12-23,100,96,Mixed (1st & 3rd Party)
CUST00106,cust00106@email.com,18-24,F,Online Store,4,8,482.5,2024-04-25,2024-12-29,96,84,Mixed (1st & 3rd Party)
CUST00160,cust00160@email.com,18-24,F,Streaming,4,12,475.84,2024-02-02,2024-12-31,100,76,Mixed (1st & 3rd Party)
CUST00015,cust00015@email.com,35-44,M,Studio Tours,4,5,473.49,2024-03-05,2024-12-04,53,93,Mixed (1st & 3rd Party)
CUST00112,cust00112@email.com,35-44,F,Consumer Products,4,8,452.22,2024-01-20,2024-10-30,80,91,Mixed (1st & 3rd Party)
CUST00231,cust00231@email.com,25-34,M,Theatrical,3,8,446.82,2024-01-05,2024-12-21,94,88,Mixed (1st & 3rd Party)
CUST00178,cust00178@email.com,55+,Other,Consumer Products,5,6,445.93,2024-04-18,2024-11-01,57,86,Mixed (1st & 3rd Party)
CUST00203,cust00203@email.com,25-34,Prefer not to say,Online Store,4,8,437.45,2024-03-12,2024-08-08,60,87,Mixed (1st & 3rd Party)
CUST00230,cust00230@email.com,25-34,Other,Streaming,4,8,437.15,2024-04-13,2024-11-11,84,93,Mixed (1st & 3rd Party)
CUST00247,cust00247@email.com,55+,F,Online Store,5,10,434.82,2024-01-12,2024-10-14,100,87,Mixed (1st & 3rd Party)
CUST00119,cust00119@email.com,45-54,F,Consumer Products,5,8,430.37,2024-02-13,2024-12-30,96,87,Mixed (1st & 3rd Party)
CUST00055,cust00055@email.com,18-24,F,Streaming,4,7,424.78,2024-03-17,2024-12-03,77,100,Mixed (1st & 3rd Party)
CUST00135,cust00135@email.com,25-34,M,Consumer Products,3,7,415.55,2024-01-22,2024-10-22,66,92,Mixed (1st & 3rd Party)
CUST00234,cust00234@email.com,55+,Prefer not to say,Consumer Products,4,6,415.37,2024-05-01,2024-11-20,62,100,Mixed (1st & 3rd Party)
CUST00005,cust00005@email.com,25-34,M,Online Store,2,4,412.37,2024-03-30,2024-10-03,26,87,1st Party Only
CUST00040,cust00040@email.com,45-54,Other,Online Store,3,8,408.57,2024-01-26,2024-10-02,74,88,Mixed (1st & 3rd Party)
CUST00225,cust00225@email.com,18-24,M,Theatrical,4,6,395.68,2024-02-17,2024-12-11,67,87,Mixed (1st & 3rd Party)
CUST00036,cust00036@email.com,35-44,F,Online Store,2,2,392.28,2024-08-14,2024-12-21,22,78,1st Party Only
CUST00019,cust00019@email.com,18-24,M,Online Store,2,6,386.02,2024-01-18,2024-11-27,64,85,1st Party Only
CUST00095,cust00095@email.com,35-44,F,Theatrical,4,5,384.19,2024-01-23,2024-10-10,40,92,Mixed (1st & 3rd Party)
CUST00093,cust00093@email.com,45-54,Other,Streaming,4,7,382.63,2024-04-01,2024-11-15,72,89,Mixed (1st & 3rd Party)
CUST00060,cust00060@email.com,45-54,Other,Streaming,4,8,373.61,2024-01-11,2024-12-28,95,97,Mixed (1st & 3rd Party)
CUST00020,cust00020@email.com,25-34,M,Online Store,3,4,368.87,2024-05-08,2024-11-11,36,89,1st Party Only
CUST00125,cust00125@email.com,,,Consumer Products,3,3,360.75,2024-01-15,2024-11-30,28,97,Mixed (1st & 3rd Party)
CUST00077,cust00077@email.com,18-24,Prefer not to say,Theatrical,3,11,343.03,2024-01-17,2024-12-28,100,94,Mixed (1st & 3rd Party)
CUST00080,cust00080@email.com,18-24,F,Consumer Products,3,5,342.67,2024-01-23,2024-10-16,41,94,Mixed (1st & 3rd Party)
CUST00186,cust00186@email.com,25-34,Prefer not to say,Consumer Products,2,6,339.21,2024-01-19,2024-12-18,69,76,Mixed (1st & 3rd Party)
CUST00026,cust00026@email.com,18-24,Other,Online Store,3,4,338.09,2024-02-15,2024-12-20,45,76,Mixed (1st & 3rd Party)
CUST00010,cust00010@email.com,18-24,F,Online Store,3,4,335.55,2024-01-30,2024-07-08,4,95,Mixed (1st & 3rd Party)
CUST00029,cust00029@email.com,55+,Other,Streaming,3,7,323.48,2024-01-11,2024-12-22,82,89,Mixed (1st & 3rd Party)
CUST00069,cust00069@email.com,18-24,M,Consumer Products,5,5,315.61,2024-01-04,2024-08-18,26,82,Mixed (1st & 3rd Party)
CUST00136,cust00136@email.com,45-54,Other,Consumer Products,3,6,314.19,2024-09-08,2024-12-23,70,79,Mixed (1st & 3rd Party)
CUST00094,cust00094@email.com,18-24,M,Consumer Products,3,5,305.61,2024-03-21,2024-11-09,47,78,Mixed (1st & 3rd Party)
CUST00085,cust00085@email.com,55+,Prefer not to say,Consumer Products,4,7,302.97,2024-04-15,2024-10-16,65,91,Mixed (1st & 3rd Party)
CUST00030,cust00030@email.com,18-24,Prefer not to say,Online Store,3,3,302.89,2024-05-03,2024-12-29,36,84,1st Party Only
CUST00034,cust00034@email.com,18-24,F,Consumer Products,4,4,299.83,2024-02-10,2024-11-10,35,99,Mixed (1st & 3rd Party)
CUST00021,cust00021@email.com,25-34,F,Consumer Products,4,4,286.27,2024-03-11,2024-11-04,34,92,Mixed (1st & 3rd Party)
CUST00043,cust00043@email.com,55+,M,Streaming,3,6,275.57,2024-03-02,2024-12-17,68,76,Mixed (1st & 3rd Party)
CUST00053,cust00053@email.com,18-24,F,Online Store,3,4,275.42,2024-04-04,2024-11-24,39,76,1st Party Only
CUST00039,cust00039@email.com,45-54,Prefer not to say,Online Store,4,5,266.91,2024-01-04,2024-10-03,38,75,Mixed (1st & 3rd Party)
CUST00050,cust00050@email.com,18-24,Prefer not to say,Online Store,3,4,262.1,2024-02-28,2024-11-03,34,84,Mixed (1st & 3rd Party)
CUST00092,cust00092@email.com,45-54,Prefer not to say,Online Store,2,5,255.29,2024-01-04,2024-09-17,34,77,Mixed (1st & 3rd Party)
CUST00139,cust00139@email.com,18-24,Prefer not to say,Theatrical,3,4,252.35,2024-01-02,2024-12-22,46,89,Mixed (1st & 3rd Party)
CUST00605,,,,Consumer Products,2,6,241.03,2024-01-18,2024-10-26,56,13,3rd Party Only
CUST00210,cust00210@email.com,18-24,F,Streaming,3,8,239.65,2024-01-09,2024-08-18,62,85,Mixed (1st & 3rd Party)
CUST00181,cust00181@email.com,25-34,F,Consumer Products,4,6,236.04,2024-01-26,2024-10-09,51,98,Mixed (1st & 3rd Party)
CUST00768,,,,Consumer Products,2,5,233.03,2024-01-28,2024-07-24,20,5,3rd Party Only
CUST00096,cust00096@email.com,55+,Other,Consumer Products,3,5,229.12,2024-03-10,2024-11-02,45,83,Mixed (1st & 3rd Party)
CUST00164,cust00164@email.com,18-24,F,Theatrical,4,7,221.28,2024-02-17,2024-12-24,82,86,Mixed (1st & 3rd Party)
CUST00133,cust00133@email.com,18-24,Other,Online Store,3,4,217.69,2024-01-22,2024-07-26,8,80,Mixed (1st & 3rd Party)
CUST00045,cust00045@email.com,35-44,Other,Online Store,3,3,217.64,2024-04-12,2024-09-08,8,77,Mixed (1st & 3rd Party)
CUST00118,cust00118@email.com,18-24,F,Theatrical,4,6,209.51,2024-02-18,2024-12-23,70,78,Mixed (1st & 3rd Party)
CUST00185,cust00185@email.com,35-44,F,Theatrical,2,5,176.2,2024-01-02,2024-10-28,44,83,Mixed (1st & 3rd Party)
CUST00629,,,,Consumer Products,1,3,164.58,2024-10-05,2024-10-29,20,28,3rd Party Only
CUST00769,,,,Consumer Products,1,2,159.99,2024-02-20,2024-09-22,0,12,3rd Party Only
CUST00623,,,,Consumer Products,2,4,153.63,2024-01-08,2024-06-14,0,21,3rd Party Only
CUST00736,,,,Consumer Products,2,3,153.13,2024-02-16,2024-12-13,32,30,3rd Party Only
CUST00717,,,,Consumer Products,1,2,151.11,2024-02-08,2024-09-29,1,12,3rd Party Only
CUST00718,,,,Consumer Products,1,2,150.17,2024-06-02,2024-06-23,0,24,3rd Party Only
CUST00753,,,,Theatrical,2,4,143.6,2024-01-23,2024-10-30,32,9,3rd Party Only
CUST00616,,,,Consumer Products,2,3,139.95,2024-01-30,2024-10-07,15,5,3rd Party Only
CUST00611,,,,Consumer Products,2,4,138.14,2024-01-07,2024-11-29,40,28,3rd Party Only
CUST00627,,,,Consumer Products,2,3,134.67,2024-03-05,2024-12-30,36,28,3rd Party Only
CUST00715,,,,Consumer Products,2,4,131.9,2024-01-07,2024-11-22,38,8,3rd Party Only
CUST00730,,,,Consumer Products,2,3,127.99,2024-02-18,2024-04-27,0,24,3rd Party Only
CUST00709,,,,Consumer Products,1,2,125.5,2024-03-13,2024-09-04,0,10,3rd Party Only
CUST00003,cust00003@email.com,35-44,F,Online Store,3,3,124.72,2024-03-11,2024-07-07,0,77,1st Party Only
CUST00701,,,,Consumer Products,2,4,122.31,2024-01-25,2024-11-12,36,25,3rd Party Only
CUST00703,,,,Theatrical,2,3,120.33,2024-04-07,2024-10-04,14,12,3rd Party Only
CUST00634,,,,Theatrical,2,5,120.01,2024-01-04,2024-11-09,47,9,3rd Party Only
CUST00150,,,,Consumer Products,1,2,119.98,2024-01-01,2024-09-12,0,16,3rd Party Only
CUST00630,,,,Consumer Products,2,4,118.89,2024-01-23,2024-09-09,20,14,3rd Party Only
CUST00667,,,,Theatrical,2,3,116.72,2024-10-18,2024-12-26,35,35,3rd Party Only
CUST00631,,,,Consumer Products,2,2,111.58,2024-08-23,2024-10-08,3,14,3rd Party Only
CUST00633,,,,Consumer Products,2,2,104.47,2024-07-06,2024-10-24,7,25,3rd Party Only
CUST00626,,,,Consumer Products,1,2,100.31,2024-05-08,2024-12-31,24,6,3rd Party Only
CUST00752,,,,Theatrical,2,3,100.07,2024-03-11,2024-11-20,26,24,3rd Party Only
CUST00651,,,,Theatrical,2,5,97.87,2024-04-06,2024-12-28,59,17,3rd Party Only
CUST00617,,,,Consumer Products,2,2,97.83,2024-05-24,2024-11-21,14,26,3rd Party Only
CUST00642,,,,Consumer Products,2,4,96.65,2024-01-01,2024-10-26,32,21,3rd Party Only
CUST00607,,,,Consumer Products,2,3,96.33,2024-10-29,2024-12-15,32,22,3rd Party Only
CUST00612,,,,Consumer Products,1,1,94.89,2024-07-11,2024-07-11,0,19,3rd Party Only
CUST00643,,,,Consumer Products,2,2,93.7,2024-04-22,2024-07-30,0,14,3rd Party Only
CUST00066,cust00066@email.com,55+,Other,Streaming,1,1,93.61,2024-03-28,2024-03-28,0,88,1st Party Only
CUST00723,,,,Consumer Products,1,1,93.29,2024-11-10,2024-11-10,0,26,3rd Party Only
CUST00773,,,,Consumer Products,1,1,92.42,2024-08-17,2024-08-17,0,7,3rd Party Only
CUST00702,,,,Consumer Products,2,2,90.39,2024-09-19,2024-12-20,21,26,3rd Party Only
CUST00649,,,,Consumer Products,1,1,88.78,2024-06-22,2024-06-22,0,16,3rd Party Only
CUST00635,,,,Consumer Products,1,1,88.44,2024-07-30,2024-07-30,0,9,3rd Party Only
CUST00661,,,,Theatrical,2,3,88.24,2024-05-20,2024-11-22,26,17,3rd Party Only
CUST00674,,,,Consumer Products,2,2,87.39,2024-04-09,2024-04-30,0,34,3rd Party Only
CUST00603,,,,Consumer Products,2,2,86.69,2024-02-10,2024-05-04,0,29,3rd Party Only
CUST00720,,,,Consumer Products,1,1,86.15,2024-01-21,2024-01-21,0,10,3rd Party Only
CUST00638,,,,Theatrical,2,3,86.08,2024-06-09,2024-07-19,0,11,3rd Party Only
CUST00652,,,,Theatrical,2,3,85.11,2024-02-26,2024-11-06,22,33,3rd Party Only
CUST00705,,,,Consumer Products,2,2,81.67,2024-07-13,2024-08-28,0,11,3rd Party Only
CUST00657,,,,Consumer Products,1,1,81.24,2024-12-16,2024-12-16,8,35,3rd Party Only
CUST00714,,,,Consumer Products,1,1,80.91,2024-01-06,2024-01-06,0,10,3rd Party Only
CUST00725,,,,Consumer Products,1,2,79.06,2024-01-23,2024-11-09,11,25,3rd Party Only
CUST00748,,,,Consumer Products,1,1,74.7,2024-09-17,2024-09-17,0,11,3rd Party Only
CUST00767,,,,Consumer Products,1,2,72.8,2024-03-20,2024-06-12,0,35,3rd Party Only
CUST00772,,,,Consumer Products,1,1,72.41,2024-04-17,2024-04-17,0,17,3rd Party Only
CUST00618,,,,Theatrical,2,3,71.42,2024-08-08,2024-12-19,33,18,3rd Party Only
CUST00672,,,,Consumer Products,2,2,71.39,2024-03-24,2024-11-24,15,6,3rd Party Only
CUST00625,,,,Theatrical,1,3,68.51,2024-07-23,2024-11-29,28,32,3rd Party Only
CUST00740,,,,Consumer Products,1,1,67.84,2024-09-29,2024-09-29,0,31,3rd Party Only
CUST00637,,,,Consumer Products,1,1,67.69,2024-12-14,2024-12-14,8,33,3rd Party Only
CUST00670,,,,Theatrical,1,3,64.48,2024-01-06,2024-12-05,30,7,3rd Party Only
CUST00721,,,,Theatrical,1,3,63.99,2024-01-16,2024-03-28,0,32,3rd Party Only
CUST00716,,,,Consumer Products,2,2,63.99,2024-01-31,2024-02-21,0,11,3rd Party Only
CUST00738,,,,Consumer Products,2,2,62.09,2024-06-18,2024-11-08,11,27,3rd Party Only
CUST00662,,,,Consumer Products,1,1,61.78,2024-12-11,2024-12-11,7,25,3rd Party Only
CUST00620,,,,Consumer Products,1,1,61.69,2024-12-02,2024-12-02,5,21,3rd Party Only
CUST00710,,,,Theatrical,2,3,58.62,2024-02-16,2024-06-14,0,12,3rd Party Only
CUST00606,,,,Theatrical,1,3,56.65,2024-02-23,2024-09-06,7,10,3rd Party Only
CUST00741,,,,Consumer Products,1,2,56.27,2024-03-06,2024-05-10,0,35,3rd Party Only
CUST00621,,,,Consumer Products,1,1,55.9,2024-02-10,2024-02-10,0,9,3rd Party Only
CUST00673,,,,Theatrical,1,2,54.1,2024-03-21,2024-12-22,22,5,3rd Party Only
CUST00610,,,,Theatrical,2,3,52.71,2024-01-18,2024-11-18,25,35,3rd Party Only
CUST00658,,,,Consumer Products,2,2,51.42,2024-03-21,2024-06-08,0,20,3rd Party Only
CUST00745,,,,Consumer Products,2,2,50.75,2024-01-05,2024-12-03,17,22,3rd Party Only
CUST00601,,,,Consumer Products,2,2,47.2,2024-07-15,2024-12-01,16,9,3rd Party Only
CUST00750,,,,Consumer Products,1,1,47.11,2024-09-17,2024-09-17,0,30,3rd Party Only
CUST00671,,,,Theatrical,1,2,45.38,2024-03-11,2024-05-10,0,12,3rd Party Only
CUST00743,,,,Theatrical,1,2,44.67,2024-08-23,2024-09-01,0,35,3rd Party Only
CUST00749,,,,Consumer Products,2,2,44.59,2024-02-05,2024-03-14,0,20,3rd Party Only
CUST00622,,,,Consumer Products,2,2,42.56,2024-12-06,2024-12-23,22,21,3rd Party Only
CUST00668,,,,Consumer Products,1,1,42.45,2024-11-09,2024-11-09,0,13,3rd Party Only
CUST00729,,,,Consumer Products,1,1,42.31,2024-06-19,2024-06-19,0,23,3rd Party Only
CUST00647,,,,Theatrical,1,2,42.03,2024-06-21,2024-11-18,13,18,3rd Party Only
CUST00763,,,,Consumer Products,1,1,41.69,2024-06-05,2024-06-05,0,29,3rd Party Only
CUST00604,,,,Theatrical,1,2,40.67,2024-02-09,2024-06-07,0,27,3rd Party Only
CUST00645,,,,Theatrical,1,2,40.11,2024-02-09,2024-11-09,11,11,3rd Party Only
CUST00632,,,,Theatrical,1,2,39.74,2024-12-22,2024-12-25,22,22,3rd Party Only
CUST00762,,,,Theatrical,1,2,36.41,2024-05-30,2024-11-28,16,14,3rd Party Only
CUST00641,,,,Theatrical,1,2,35.46,2024-04-08,2024-05-28,0,27,3rd Party Only
CUST00712,,,,Consumer Products,1,1,33.05,2024-09-28,2024-09-28,0,34,3rd Party Only
CUST00614,,,,Theatrical,1,2,32.35,2024-07-25,2024-11-28,16,10,3rd Party Only
CUST00713,,,,Theatrical,1,1,27.75,2024-11-30,2024-11-30,4,26,3rd Party Only
CUST00711,,,,Theatrical,1,2,27.71,2024-01-26,2024-06-30,0,11,3rd Party Only
CUST00746,,,,Theatrical,1,1,27.67,2024-03-08,2024-03-08,0,11,3rd Party Only
CUST00600,,,,Theatrical,1,1,27.34,2024-01-25,2024-01-25,0,13,3rd Party Only
CUST00613,,,,Theatrical,1,1,26.96,2024-02-12,2024-02-12,0,18,3rd Party Only
CUST00764,,,,Theatrical,1,1,26.32,2024-06-26,2024-06-26,0,14,3rd Party Only
CUST00655,,,,Theatrical,1,1,26.26,2024-02-08,2024-02-08,0,16,3rd Party Only
CUST00640,,,,Theatrical,1,1,25.69,2024-09-13,2024-09-13,0,13,3rd Party Only
CUST00660,,,,Theatrical,1,1,24.76,2024-03-17,2024-03-17,0,32,3rd Party Only
CUST00742,,,,Theatrical,1,1,23.66,2024-12-22,2024-12-22,10,6,3rd Party Only
CUST00726,,,,Theatrical,1,1,23.52,2024-04-26,2024-04-26,0,29,3rd Party Only
CUST00628,,,,Consumer Products,1,1,23.36,2024-07-25,2024-07-25,0,17,3rd Party Only
CUST00704,,,,Theatrical,1,1,22.34,2024-03-09,2024-03-09,0,5,3rd Party Only
CUST00732,,,,Theatrical,1,1,21.51,2024-05-12,2024-05-12,0,35,3rd Party Only
CUST00639,,,,Theatrical,1,1,21.37,2024-11-29,2024-11-29,4,8,3rd Party Only
CUST00771,,,,Theatrical,1,1,19.28,2024-07-07,2024-07-07,0,24,3rd Party Only
CUST00708,,,,Theatrical,1,1,18.3,2024-06-26,2024-06-26,0,5,3rd Party Only
CUST00615,,,,Theatrical,1,1,18.14,2024-11-08,2024-11-08,0,15,3rd Party Only
CUST00619,,,,Consumer Products,1,1,18.06,2024-07-09,2024-07-09,0,17,3rd Party Only
CUST00758,,,,Theatrical,1,1,16.26,2024-03-26,2024-03-26,0,22,3rd Party Only
CUST00663,,,,Theatrical,1,1,15.87,2024-04-23,2024-04-23,0,23,3rd Party Only
CUST00731,,,,Theatrical,1,1,15.85,2024-09-27,2024-09-27,0,9,3rd Party Only
CUST00761,,,,Theatrical,1,1,15.42,2024-10-06,2024-10-06,0,15,3rd Party Only
CUST00739,,,,Theatrical,1,1,14.99,2024-09-18,2024-09-18,0,18,3rd Party Only
CUST00733,,,,Theatrical,1,1,13.93,2024-11-04,2024-11-04,0,27,3rd Party Only
CUST00646,,,,Theatrical,1,1,13.74,2024-10-19,2024-10-19,0,25,3rd Party Only
CUST00724,,,,Theatrical,1,1,13.07,2024-12-03,2024-12-03,5,32,3rd Party Only
CUST00737,,,,Theatrical,1,1,12.19,2024-08-10,2024-08-10,0,33,3rd Party Only
CUST00734,,,,Theatrical,1,1,12.01,2024-11-22,2024-11-22,2,9,3rd Party Only
